parameter,koeffisient,standardfeil,z_verdi,p_verdi,ki_nedre_95,ki_ovre_95
ma.L1,-0.821528,0.023955,-34.2947,0.0,-0.868479,-0.774577
ma.S.L12,-0.622829,0.045879,-13.5754,0.0,-0.712751,-0.532907
sigma2,0.011536,0.000551,20.9198,0.0,0.010455,0.012617
