parameter,koeffisient,standardfeil,z_verdi,p_verdi,ki_nedre_95,ki_ovre_95
ma.L1,-0.821687,0.030268,-27.1474,0.0,-0.881011,-0.762364
ma.S.L12,-0.599819,0.056976,-10.5275,0.0,-0.71149,-0.488147
sigma2,0.014585,0.000897,16.2542,0.0,0.012826,0.016344
